Workbook

Sheet Leistungsberechnung
A1: Berechnung FBH nach EN1264
A3: Eingabedaten | D3: Einheit
A4: Berechnungsdaten:
A5: Berechnungsschritt:
A8: Vorlauftemperatur | B8: θV | C8: 28 | D8: °C
A9: Rücklauftemperatur | B9: θR | C9: 22 | D9: °C | E9: =(C8+C9)/2 -> 25
A10: Raumtemperatur | B10: θi | C10: 15 | D10: °C
A11: Heizmitteltemperatur | B11: ΔθH | C11: =(C8-C9)/(LN((C8-C10)/(C9-C10))) -> 9.6924394 | D11: K
A13: systemabhängiger Koeffizient | B13: B | C13: ='Nebenrechnung Sys. Euroval'!B46 -> 6.1853521 | D13: W/m²K | E13: Berechnungsschritt Siehe Nebenrechnung Sys. Euroval
A14: Potenzprodukt FB-Aufbau | B14: Π(am) | C14: ='Nebenrechnung Sys. Euroval'!B41 -> 0.87838307 | E14: Berechnungsschritt Siehe Nebenrechnung Sys. Euroval
A16: Kennlinie KH: | B16: KH | C16: =C13*C14 -> 5.4331085
A18: Wärmestromdichte | B18: q | C18: =C16*C11 -> 52.660075 | D18: W/m²

Sheet Nebenrechnung Sys. Euroval
A1: Potenzprodukt innerhalb des Estrichs:
E2: Berechnungsdaten:
A3: Notwendige Daten: ab, aT, mT, au, mu, aD, mD | E3: variabler Wert
A5: Berechnung von ab
A7: su,0 | B7: 0.045 | C7: m | D7: Mindestüberdeckung | E7: (0,035?)
A8: α | B8: 10.8 | C8: W/(m²K) | D8: für FBK
A9: α0 | B9: 10.8 | C9: W/(m²K) | D9: Fixwert für FBH
A10: λu,0 | B10: 1 | C10: W/(mK)
A11: λE | B11: 2.3 | C11: W/(mK) | D11: Estrichleitfähigkeit
A12: Rλ,B | B12: 0 | C12: (m²K)/W | D12: Fußbodenbelag
A14: ab | B14: =((1/B9)+(B7/B10))/((1/B8)+(B7/B11)+B12) -> 1.2267767
A16: aT | B16: 1.23 | C16: aus Tabelle A.1
A18: T | B18: 0.2 | C18: Rohrteilung
A20: mT | B20: =1-B18/0.075 -> -1.6666667
A23: aU | B23: 1.051 | C23: aus Tabelle A.2
A25: sU | B25: 0.1 | C25: Estrichüberdeckung
A27: mU | B27: =100*(0.045-B25) -> -5.5
A30: aD | B30: 1.046 | C30: aus Tabelle A.3
A32: D | B32: 0.02817 | C32: Außendurchmesser des Rohres. | E32: (Jumboval über Oberfläche auf Rundrohr zurückgerechnet.)
E33: MUSS NOCH ÜBERPRÜFT WERDEN!!
A34: mD | B34: =250*(B32-0.02) -> 2.0425 | C34: Achtung gilt nur für Rundrohre
A36: aG | B36: 1.2125 | C36: Ovalrohr-Geometriefaktor für Jumboval (nicht in der Norm enthalten!!)
C37: Der Ovalrohr-Geometriefaktor muss wegschaltbar sein!
A39: Potenzprodukt:
A41: Π(am) | B41: =B14*POWER(B16,B20)*POWER(B23,B27)*POWER(B30,B34)*B36 -> 0.87838307
A44: Berechnung von B: systemabhängigier Koeffizient
A46: B | B46: =1/((1/6.7)+((1.1/PI())*B41*B18*((1/(2*B50))*LN(B32/(B32-2*B48))-(1/(2*0.35))*LN(B32/(B32-2*0.002))))) -> 6.1853521
A48: sR | B48: 0.00238 | C48: Aus Euroval Normprüfdaten
A50: λR | B50: 0.22 | C50: für PP Rohr laut Tabelle A.13

Sheet Wärmeverlust nach unten
A1: Eingabedaten:
A3: sU | B3: ='Nebenrechnung Sys. Euroval'!B25 -> 0.1 | C3: m | D3: Estrichüberdeckung
A4: λU | B4: 1.2 | C4: W/(mK) | D4: Wärmeleitfähigkeit der Überdeckung
A5: α | B5: 10.8 | C5: W/(m²K) | D5: für FBH
A6: Rλ,B | B6: ='Nebenrechnung Sys. Euroval'!B12 -> 0 | C6: (m²K)/W | D6: Fußbodenbelag
A7: Rα,Decke | B7: 0.17 | C7: (m²K)/W | D7: Wärmeübergang Decke
A9: Rλ,Ins | B9: =0.05/0.04 -> 1.25 | C9: (m²K)/W | D9: Fußbodenbelag | E9: z.B. 5cm Isolierung
A10: Rλ,Decke | B10: =0.25/2.33 -> 0.10729614 | C10: (m²K)/W | D10: Fußbodenbelag | E10: z.B. 25cm Stahlbeton
A11: Rλ,Putz | B11: =0.015/1 -> 0.015 | C11: (m²K)/W | D11: Fußbodenbelag | E11: z.B. 1,5cm Putz
A13: θi | B13: =Leistungsberechnung!C10 -> 15 | C13: °C | D13: Rauminnentemperatur
A14: θu | B14: 18 | C14: °C | D14: Rauminnentemperatur des Raumes unterhalb
A16: RO | B16: =1/B5+B6+B3/B4 -> 0.17592593 | C16: (m²K)/W | D16: Durchgangswiderstand nach oben
A17: RU | B17: =B9+B10+B11+B7 -> 1.5422961 | C17: (m²K)/W | D17: Durchgangswiderstand nach unten
A19: qU | B19: =1/B17*(B16*Leistungsberechnung!C18+B13-B14) -> 4.0616535 | C19: W/m² | D19: spezifischer Wärmeverlust nach unten
A21: Korrektur der Leistung in Abhängigkeit des Wärmeverlustes nach unten
A23: Im ersten Rechenschritt werden 10% angenommen!
B25: =B19/Leistungsberechnung!C18 -> 0.077129656
A27: Dadurch muss bei B die Korrektur in die Gleichung einfließen! Näherung!!
A29: B | B29: =1/((1/6.7)+((1.144/PI())*'Nebenrechnung Sys. Euroval'!B41*'Nebenrechnung Sys. Euroval'!B18*((1/(2*'Nebenrechnung Sys. Euroval'!B50))*LN('Nebenrechnung Sys. Euroval'!B32/('Nebenrechnung Sys. Euroval'!B32-2*'Nebenrechnung Sys. Euroval'!B48))-(1/(2*0.35))*LN('Nebenrechnung Sys. Euroval'!B32/('Nebenrechnung Sys. Euroval'!B32-2*0.002))))) -> 6.1664056
A31: Kennlinie KH: | B31: KH | C31: =B29*'Nebenrechnung Sys. Euroval'!B41 -> 5.4164663
A33: Wärmestromdichte | B33: q | C33: =C31*Leistungsberechnung!C11 -> 52.498771 | D33: W/m²
A35: Die Leistung sinkt als um 0,09 W/m²
A36: Dies bedeutet, dass die Näherung praktisch vernachlässigt werden kann.
A38: qges | B38: =C33+B19 -> 56.560425 | C38: W/m² | D38: gesamte aufgenommene Leistung
